TYPE LICENCE,PRENOM,NOM
Libre,Paul,Iglotte
Libre,Pierre,Oglyphe
Libre,Sam,Soule
Libre,karlito,passe
Libre,Terry,Dicule
Libre,Théo,Jasmin
Libre,ana,lidl
Libre,tatatta,carrefour
Libre,reda,auchan
Libre,test,leroy
Libre,Paul,arbère
Libre,pierre,jean
Libre,Al,Ambiqué
Libre,Bonnie,Dée
Libre,Ève,Anescense
Libre,Hal,Aniche
Libre,Hubert,Gamote
Libre,Maxime,Ome
Libre,José,Patelefaire
Libre,Marie,Covert
Libre,Marie,Nière
Libre,Marie,Rouanna
Libre,Marion,Lait
Libre,Marty,Ni
Libre,Maude,Cologne
Libre,Mehdi,Zan
Libre,Mélusine,Engraiv
Libre,Mouss,Tache
Libre,Otto,Psie
